Workbook

Sheet 연도별_순계(m)
A1: 전북 5개시 하수관로 연도별 순계(설치연장-철거연장, m)
A2: Source: 2025년판 하수도통계연보, 시트 "2-3. 관종별현황", 전북특별자치도 > 시군구 > 합계 > 총계 행 기준 (환경부·한국환경공단, hasudoinfo.or.kr)
A4: 설치연도 | B4: 전주시 | C4: 군산시 | D4: 익산시 | E4: 남원시 | F4: 정읍시 | G4: 5개시 합계
A5: 1996년이전 | B5: 842.95 | C5: 612246.21 | D5: 1069912 | E5: 260946.8 | F5: 326882.92 | G5: =SUM(B5:F5) -> 2270830.9
A6: 1996년 | B6: 0 | C6: 0 | D6: 0 | E6: 27006.8 | F6: 0 | G6: =SUM(B6:F6) -> 27006.8
A7: 1997년 | B7: 0 | C7: 0 | D7: 0 | E7: 14591.5 | F7: 0 | G7: =SUM(B7:F7) -> 14591.5
A8: 1998년 | B8: 0 | C8: 39640.66 | D8: 0 | E8: 1779.8 | F8: 0 | G8: =SUM(B8:F8) -> 41420.46
A9: 1999년 | B9: 0 | C9: 0 | D9: 0 | E9: 6465.1 | F9: 0 | G9: =SUM(B9:F9) -> 6465.1
A10: 2000년 | B10: 0 | C10: 8457.89 | D10: 0 | E10: 4265 | F10: 0 | G10: =SUM(B10:F10) -> 12722.89
A11: 2001년 | B11: 0 | C11: 21855.23 | D11: 0 | E11: 27996.9 | F11: 3980.7 | G11: =SUM(B11:F11) -> 53832.83
A12: 2002년 | B12: 0 | C12: 8272.91 | D12: 0 | E12: 28177.6 | F12: 924.64 | G12: =SUM(B12:F12) -> 37375.15
A13: 2003년 | B13: 0 | C13: 38976.89 | D13: 0 | E13: 5270.3 | F13: 0 | G13: =SUM(B13:F13) -> 44247.19
A14: 2004년 | B14: 0 | C14: 60839.17 | D14: 0 | E14: 12783.1 | F14: 12817.18 | G14: =SUM(B14:F14) -> 86439.45
A15: 2005년 | B15: 0 | C15: 114053.1 | D15: 0 | E15: 8812.1 | F15: 9570.79 | G15: =SUM(B15:F15) -> 132435.99
A16: 2006년 | B16: 0 | C16: 6286.4 | D16: 0 | E16: 84177.1 | F16: 2983.16 | G16: =SUM(B16:F16) -> 93446.66
... A36: 합계(원자료 총계행 기준) | B36: 2081706.6 | C36: 1384801.8 | D36: 1404068 | E36: 670188 | F36: 845508 | G36: =SUM(B36:F36) -> 6386272.4
A37: 연도별 합산 검산(위 표 합계) | B37: =SUM(B5:B35) -> 2081706.6 | C37: =SUM(C5:C35) -> 1384801.8 | D37: =SUM(D5:D35) -> 1404068 | E37: =SUM(E5:E35) -> 670188 | F37: =SUM(F5:F35) -> 845508
A38: ※ 두 합계가 다르면 원자료의 "기타/미상 관종" 등 세부 항목 반영 차이 때문이며, 오차는 대체로 1% 미만임

Sheet 노후도_요약
A1: 전북 5개시 하수관로 노후도 요약
A2: 기준연도 2025년. "30년 이상 노후관"은 1996년 이전 설치분(1996년 포함, 경과연수 29년 이상)으로 정의. 평균경과연수는 1996~2025년 설치분만 가중평균(1996년이전 버킷은 정확한 설치연도 불명으로 제외).
A4: 시군 | B4: 총연장(m) | C4: 30년이상 노후연장(m) | D4: 노후관 비율(%) | E4: 평균경과연수(1996~2025 설치분 가중평균, 년)
A5: 전주시 | B5: ='연도별_순계(m)'!B36 -> 2081706.6 | C5: ='연도별_순계(m)'!B5+'연도별_순계(m)'!B6 -> 842.95 | D5: =C5/B5 -> 0.00040493217 | E5: =SUMPRODUCT((2025-VALUE(LEFT('연도별_순계(m)'!A6:A35,4)))*'연도별_순계(m)'!B6:B35)/SUM('연도별_순계(m)'!B6:B35) -> 7.7424884
A6: 군산시 | B6: ='연도별_순계(m)'!C36 -> 1384801.8 | C6: ='연도별_순계(m)'!C5+'연도별_순계(m)'!C6 -> 612246.21 | D6: =C6/B6 -> 0.44211831 | E6: =SUMPRODUCT((2025-VALUE(LEFT('연도별_순계(m)'!A6:A35,4)))*'연도별_순계(m)'!C6:C35)/SUM('연도별_순계(m)'!C6:C35) -> 14.853572
A7: 익산시 | B7: ='연도별_순계(m)'!D36 -> 1404068 | C7: ='연도별_순계(m)'!D5+'연도별_순계(m)'!D6 -> 1069912 | D7: =C7/B7 -> 0.76200868 | E7: =SUMPRODUCT((2025-VALUE(LEFT('연도별_순계(m)'!A6:A35,4)))*'연도별_순계(m)'!D6:D35)/SUM('연도별_순계(m)'!D6:D35) -> 10.189729
A8: 남원시 | B8: ='연도별_순계(m)'!E36 -> 670188 | C8: ='연도별_순계(m)'!E5+'연도별_순계(m)'!E6 -> 287953.6 | D8: =C8/B8 -> 0.42966093 | E8: =SUMPRODUCT((2025-VALUE(LEFT('연도별_순계(m)'!A6:A35,4)))*'연도별_순계(m)'!E6:E35)/SUM('연도별_순계(m)'!E6:E35) -> 17.27626
A9: 정읍시 | B9: ='연도별_순계(m)'!F36 -> 845508 | C9: ='연도별_순계(m)'!F5+'연도별_순계(m)'!F6 -> 326882.92 | D9: =C9/B9 -> 0.38661127 | E9: =SUMPRODUCT((2025-VALUE(LEFT('연도별_순계(m)'!A6:A35,4)))*'연도별_순계(m)'!F6:F35)/SUM('연도별_순계(m)'!F6:F35) -> 9.4307279

Sheet road_name_매핑
A1: roads.csv의 road_name과 하수관로 통계의 시군 매핑
A2: 팀 데이터의 road_name 컬럼값을 그대로 두고, 이 표를 VLOOKUP/INDEX-MATCH해서 노후도_요약 시트 값을 붙이면 됨.
A4: road_name (roads.csv 원본값) | B4: 매칭 시군
A5: 전주 데모도로 | B5: 전주시
A6: 군산 데모도로 | B6: 군산시
A7: 익산 데모도로 | B7: 익산시
A8: 남원 데모도로 | B8: 남원시
A9: 정읍 데모도로 | B9: 정읍시
